{
  "all_results": {
    "Comprehensive Score": {
      "60": {
        "picks": 159,
        "wins": 48,
        "strike_rate": 30.18867924528302,
        "profit": 39.48000000000002,
        "roi": 12.415094339622646,
        "avg_odds": 4.411194968553459
      },
      "70": {
        "picks": 106,
        "wins": 35,
        "strike_rate": 33.0188679245283,
        "profit": 46.160000000000025,
        "roi": 21.77358490566039,
        "avg_odds": 4.090849056603774
      },
      "75": {
        "picks": 78,
        "wins": 30,
        "strike_rate": 38.46153846153847,
        "profit": 70.82,
        "roi": 45.3974358974359,
        "avg_odds": 4.049102564102564
      },
      "80": {
        "picks": 51,
        "wins": 21,
        "strike_rate": 41.17647058823529,
        "profit": 52.52000000000001,
        "roi": 51.49019607843138,
        "avg_odds": 4.095686274509804
      },
      "85": {
        "picks": 30,
        "wins": 10,
        "strike_rate": 33.33333333333333,
        "profit": 2.460000000000001,
        "roi": 4.100000000000001,
        "avg_odds": 4.071
      },
      "90": {
        "picks": 18,
        "wins": 8,
        "strike_rate": 44.44444444444444,
        "profit": 13.600000000000001,
        "roi": 37.777777777777786,
        "avg_odds": 4.088888888888889
      },
      "95": {
        "picks": 10,
        "wins": 7,
        "strike_rate": 70.0,
        "profit": 21.0,
        "roi": 105.0,
        "avg_odds": 3.5799999999999996
      },
      "100": {
        "picks": 8,
        "wins": 5,
        "strike_rate": 62.5,
        "profit": 12.3,
        "roi": 76.875,
        "avg_odds": 3.68125
      }
    },
    "Form Score": {},
    "Trainer Score": {},
    "Going Score": {},
    "Odds Score": {}
  },
  "best_configs": []
}